Week,Day,Date,Time (ET),Away Team,Home Team
1,Wed,September 9,8:20 PM,New England Patriots,Seattle Seahawks
1,Thu,September 10,8:35 PM,San Francisco 49ers,Los Angeles Rams
1,Sun,September 13,1:00 PM,Chicago Bears,Carolina Panthers
1,Sun,September 13,1:00 PM,Tampa Bay Buccaneers,Cincinnati Bengals
1,Sun,September 13,1:00 PM,Baltimore Ravens,Indianapolis Colts
1,Sun,September 13,1:00 PM,New Orleans Saints,Detroit Lions
1,Sun,September 13,1:00 PM,Buffalo Bills,Houston Texans
1,Sun,September 13,1:00 PM,Cleveland Browns,Jacksonville Jaguars
1,Sun,September 13,1:00 PM,New York Jets,Tennessee Titans
1,Sun,September 13,1:00 PM,Atlanta Falcons,Pittsburgh Steelers
1,Sun,September 13,4:25 PM,Green Bay Packers,Minnesota Vikings
1,Sun,September 13,4:25 PM,Washington Commanders,Philadelphia Eagles
1,Sun,September 13,4:25 PM,Miami Dolphins,Las Vegas Raiders
1,Sun,September 13,4:25 PM,Arizona Cardinals,Los Angeles Chargers
1,Sun,September 13,8:20 PM,Dallas Cowboys,New York Giants
1,Mon,September 14,8:15 PM,Denver Broncos,Kansas City Chiefs
2,Thu,September 17,8:15 PM,Detroit Lions,Buffalo Bills
2,Sun,September 20,1:00 PM,Carolina Panthers,Atlanta Falcons
2,Sun,September 20,1:00 PM,Minnesota Vikings,Chicago Bears
2,Sun,September 20,1:00 PM,Cincinnati Bengals,Houston Texans
2,Sun,September 20,1:00 PM,Pittsburgh Steelers,New England Patriots
2,Sun,September 20,1:00 PM,Green Bay Packers,New York Jets
2,Sun,September 20,1:00 PM,Philadelphia Eagles,Tennessee Titans
2,Sun,September 20,1:00 PM,New Orleans Saints,Baltimore Ravens
2,Sun,September 20,1:00 PM,Cleveland Browns,Tampa Bay Buccaneers
2,Sun,September 20,4:05 PM,Jacksonville Jaguars,Denver Broncos
2,Sun,September 20,4:05 PM,Las Vegas Raiders,Los Angeles Chargers
2,Sun,September 20,4:25 PM,Seattle Seahawks,Arizona Cardinals
2,Sun,September 20,4:25 PM,Washington Commanders,Dallas Cowboys
2,Sun,September 20,4:25 PM,Miami Dolphins,San Francisco 49ers
2,Sun,September 20,8:20 PM,Indianapolis Colts,Kansas City Chiefs
2,Mon,September 21,8:15 PM,New York Giants,Los Angeles Rams
3,Thu,September 24,8:15 PM,Atlanta Falcons,Green Bay Packers
3,Sun,September 27,1:00 PM,Los Angeles Chargers,Buffalo Bills
3,Sun,September 27,1:00 PM,Carolina Panthers,Cleveland Browns
3,Sun,September 27,1:00 PM,Houston Texans,Indianapolis Colts
3,Sun,September 27,1:00 PM,New York Jets,Detroit Lions
3,Sun,September 27,1:00 PM,New England Patriots,Jacksonville Jaguars
3,Sun,September 27,1:00 PM,Kansas City Chiefs,Miami Dolphins
3,Sun,September 27,1:00 PM,Tennessee Titans,New York Giants
3,Sun,September 27,1:00 PM,Cincinnati Bengals,Pittsburgh Steelers
3,Sun,September 27,1:00 PM,Seattle Seahawks,Washington Commanders
3,Sun,September 27,4:05 PM,Arizona Cardinals,San Francisco 49ers
3,Sun,September 27,4:05 PM,Minnesota Vikings,Tampa Bay Buccaneers
3,Sun,September 27,4:25 PM,Baltimore Ravens,Dallas Cowboys
3,Sun,September 27,4:25 PM,Las Vegas Raiders,New Orleans Saints
3,Sun,September 27,8:20 PM,Los Angeles Rams,Denver Broncos
3,Mon,September 28,8:15 PM,Philadelphia Eagles,Chicago Bears
4,Thu,October 1,8:15 PM,Pittsburgh Steelers,Cleveland Browns
4,Sun,October 4,9:30 AM,Indianapolis Colts,Washington Commanders
4,Sun,October 4,1:00 PM,New England Patriots,Buffalo Bills
4,Sun,October 4,1:00 PM,New York Jets,Chicago Bears
4,Sun,October 4,1:00 PM,Jacksonville Jaguars,Cincinnati Bengals
4,Sun,October 4,1:00 PM,Dallas Cowboys,Houston Texans
4,Sun,October 4,1:00 PM,Arizona Cardinals,New York Giants
4,Sun,October 4,1:00 PM,Los Angeles Rams,Philadelphia Eagles
4,Sun,October 4,1:00 PM,Tennessee Titans,Baltimore Ravens
4,Sun,October 4,1:00 PM,Green Bay Packers,Tampa Bay Buccaneers
4,Sun,October 4,4:05 PM,Miami Dolphins,Minnesota Vikings
4,Sun,October 4,4:25 PM,Kansas City Chiefs,Las Vegas Raiders
4,Sun,October 4,4:25 PM,Los Angeles Chargers,Seattle Seahawks
4,Sun,October 4,4:25 PM,Denver Broncos,San Francisco 49ers
4,Sun,October 4,8:20 PM,Detroit Lions,Carolina Panthers
4,Mon,October 5,8:15 PM,Atlanta Falcons,New Orleans Saints
5,Thu,October 8,8:15 PM,Tampa Bay Buccaneers,Dallas Cowboys
5,Sun,October 11,9:30 AM,Philadelphia Eagles,Jacksonville Jaguars
5,Sun,October 11,1:00 PM,Cincinnati Bengals,Miami Dolphins
5,Sun,October 11,1:00 PM,Minnesota Vikings,New Orleans Saints
5,Sun,October 11,1:00 PM,Las Vegas Raiders,New England Patriots
5,Sun,October 11,1:00 PM,Cleveland Browns,New York Jets
5,Sun,October 11,1:00 PM,Houston Texans,Tennessee Titans
5,Sun,October 11,1:00 PM,Indianapolis Colts,Pittsburgh Steelers
5,Sun,October 11,1:00 PM,New York Giants,Washington Commanders
5,Sun,October 11,4:05 PM,Denver Broncos,Los Angeles Chargers
5,Sun,October 11,4:25 PM,Detroit Lions,Arizona Cardinals
5,Sun,October 11,4:25 PM,Chicago Bears,Green Bay Packers
5,Sun,October 11,4:25 PM,San Francisco 49ers,Seattle Seahawks
5,Sun,October 11,8:20 PM,Baltimore Ravens,Atlanta Falcons
5,Mon,October 12,8:15 PM,Buffalo Bills,Los Angeles Rams
6,Thu,October 15,8:15 PM,Seattle Seahawks,Denver Broncos
6,Sun,October 18,9:30 AM,Houston Texans,Jacksonville Jaguars
6,Sun,October 18,1:00 PM,Chicago Bears,Atlanta Falcons
6,Sun,October 18,1:00 PM,Baltimore Ravens,Cleveland Browns
6,Sun,October 18,1:00 PM,Tennessee Titans,Indianapolis Colts
6,Sun,October 18,1:00 PM,New York Jets,New England Patriots
6,Sun,October 18,1:00 PM,New Orleans Saints,New York Giants
6,Sun,October 18,1:00 PM,Carolina Panthers,Philadelphia Eagles
6,Sun,October 18,1:00 PM,Pittsburgh Steelers,Tampa Bay Buccaneers
6,Sun,October 18,4:05 PM,Arizona Cardinals,Los Angeles Rams
6,Sun,October 18,4:25 PM,Los Angeles Chargers,Kansas City Chiefs
6,Sun,October 18,4:25 PM,Buffalo Bills,Las Vegas Raiders
6,Sun,October 18,8:20 PM,Dallas Cowboys,Green Bay Packers
6,Mon,October 19,8:15 PM,Washington Commanders,San Francisco 49ers
7,Thu,October 22,8:15 PM,New England Patriots,Chicago Bears
7,Sun,October 25,9:30 AM,Pittsburgh Steelers,New Orleans Saints
7,Sun,October 25,1:00 PM,San Francisco 49ers,Atlanta Falcons
7,Sun,October 25,1:00 PM,Tampa Bay Buccaneers,Carolina Panthers
7,Sun,October 25,1:00 PM,New York Giants,Houston Texans
7,Sun,October 25,1:00 PM,Indianapolis Colts,Minnesota Vikings
7,Sun,October 25,1:00 PM,Miami Dolphins,New York Jets
7,Sun,October 25,1:00 PM,Cleveland Browns,Tennessee Titans
7,Sun,October 25,1:00 PM,Cincinnati Bengals,Baltimore Ravens
7,Sun,October 25,4:05 PM,Denver Broncos,Arizona Cardinals
7,Sun,October 25,4:25 PM,Green Bay Packers,Detroit Lions
7,Sun,October 25,4:25 PM,Los Angeles Rams,Las Vegas Raiders
7,Sun,October 25,8:20 PM,Kansas City Chiefs,Seattle Seahawks
7,Mon,October 26,8:15 PM,Dallas Cowboys,Philadelphia Eagles
8,Thu,October 29,8:15 PM,Carolina Panthers,Green Bay Packers
8,Sun,November 1,1:00 PM,Baltimore Ravens,Buffalo Bills
8,Sun,November 1,1:00 PM,Tennessee Titans,Cincinnati Bengals
8,Sun,November 1,1:00 PM,Arizona Cardinals,Dallas Cowboys
8,Sun,November 1,1:00 PM,Minnesota Vikings,Detroit Lions
8,Sun,November 1,1:00 PM,Indianapolis Colts,Jacksonville Jaguars
8,Sun,November 1,1:00 PM,Las Vegas Raiders,New York Jets
8,Sun,November 1,1:00 PM,Cleveland Browns,Pittsburgh Steelers
8,Sun,November 1,1:00 PM,Atlanta Falcons,Tampa Bay Buccaneers
8,Sun,November 1,4:05 PM,Los Angeles Chargers,Los Angeles Rams
8,Sun,November 1,4:25 PM,Kansas City Chiefs,Denver Broncos
8,Sun,November 1,4:25 PM,New England Patriots,Miami Dolphins
8,Sun,November 1,8:20 PM,Philadelphia Eagles,Washington Commanders
8,Mon,November 2,8:15 PM,Chicago Bears,Seattle Seahawks
9,Thu,November 5,8:15 PM,Jacksonville Jaguars,Baltimore Ravens
9,Sun,November 8,9:30 AM,Cincinnati Bengals,Atlanta Falcons
9,Sun,November 8,1:00 PM,Denver Broncos,Carolina Panthers
9,Sun,November 8,1:00 PM,Dallas Cowboys,Indianapolis Colts
9,Sun,November 8,1:00 PM,New York Jets,Kansas City Chiefs
9,Sun,November 8,1:00 PM,Detroit Lions,Miami Dolphins
9,Sun,November 8,1:00 PM,Cleveland Browns,New Orleans Saints
9,Sun,November 8,1:00 PM,New York Giants,Philadelphia Eagles
9,Sun,November 8,1:00 PM,Los Angeles Rams,Washington Commanders
9,Sun,November 8,4:05 PM,Houston Texans,Los Angeles Chargers
9,Sun,November 8,4:05 PM,Las Vegas Raiders,San Francisco 49ers
9,Sun,November 8,4:25 PM,Green Bay Packers,New England Patriots
9,Sun,November 8,4:25 PM,Arizona Cardinals,Seattle Seahawks
9,Sun,November 8,8:20 PM,Tampa Bay Buccaneers,Chicago Bears
9,Mon,November 9,8:15 PM,Buffalo Bills,Minnesota Vikings
10,Thu,November 12,8:15 PM,Washington Commanders,New York Giants
10,Sun,November 15,9:30 AM,New England Patriots,Detroit Lions
10,Sun,November 15,1:00 PM,Kansas City Chiefs,Atlanta Falcons
10,Sun,November 15,1:00 PM,Houston Texans,Cleveland Browns
10,Sun,November 15,1:00 PM,Miami Dolphins,Indianapolis Colts
10,Sun,November 15,1:00 PM,Minnesota Vikings,Green Bay Packers
10,Sun,November 15,1:00 PM,Carolina Panthers,New Orleans Saints
10,Sun,November 15,1:00 PM,Buffalo Bills,New York Jets
10,Sun,November 15,1:00 PM,Jacksonville Jaguars,Tennessee Titans
10,Sun,November 15,4:05 PM,Los Angeles Rams,Arizona Cardinals
10,Sun,November 15,4:05 PM,Seattle Seahawks,Las Vegas Raiders
10,Sun,November 15,4:25 PM,San Francisco 49ers,Dallas Cowboys
10,Sun,November 15,8:20 PM,Pittsburgh Steelers,Cincinnati Bengals
10,Mon,November 16,8:15 PM,Los Angeles Chargers,Baltimore Ravens
11,Thu,November 19,8:15 PM,Indianapolis Colts,Houston Texans
11,Sun,November 22,1:00 PM,Miami Dolphins,Buffalo Bills
11,Sun,November 22,1:00 PM,Baltimore Ravens,Carolina Panthers
11,Sun,November 22,1:00 PM,New Orleans Saints,Chicago Bears
11,Sun,November 22,1:00 PM,Tennessee Titans,Dallas Cowboys
11,Sun,November 22,1:00 PM,Tampa Bay Buccaneers,Detroit Lions
11,Sun,November 22,1:00 PM,Arizona Cardinals,Kansas City Chiefs
11,Sun,November 22,1:00 PM,Jacksonville Jaguars,New York Giants
11,Sun,November 22,4:05 PM,New York Jets,Los Angeles Chargers
11,Sun,November 22,4:25 PM,Las Vegas Raiders,Denver Broncos
11,Sun,November 22,4:25 PM,Pittsburgh Steelers,Philadelphia Eagles
11,Sun,November 22,8:20 PM,Minnesota Vikings,San Francisco 49ers
11,Mon,November 23,8:15 PM,Cincinnati Bengals,Washington Commanders
12,Wed,November 25,8:00 PM,Green Bay Packers,Los Angeles Rams
12,Thu,November 26,1:00 PM,Chicago Bears,Detroit Lions
12,Thu,November 26,4:30 PM,Philadelphia Eagles,Dallas Cowboys
12,Thu,November 26,8:20 PM,Kansas City Chiefs,Buffalo Bills
12,Fri,November 27,3:00 PM,Denver Broncos,Pittsburgh Steelers
12,Sun,November 29,1:00 PM,New Orleans Saints,Cincinnati Bengals
12,Sun,November 29,1:00 PM,Las Vegas Raiders,Cleveland Browns
12,Sun,November 29,1:00 PM,New York Giants,Indianapolis Colts
12,Sun,November 29,1:00 PM,Baltimore Ravens,Houston Texans
12,Sun,November 29,1:00 PM,New York Jets,Miami Dolphins
12,Sun,November 29,1:00 PM,Atlanta Falcons,Minnesota Vikings
12,Sun,November 29,4:05 PM,Tennessee Titans,Jacksonville Jaguars
12,Sun,November 29,4:25 PM,Washington Commanders,Arizona Cardinals
12,Sun,November 29,4:25 PM,Seattle Seahawks,San Francisco 49ers
12,Sun,November 29,8:20 PM,New England Patriots,Los Angeles Chargers
12,Mon,November 30,8:15 PM,Carolina Panthers,Tampa Bay Buccaneers
13,Thu,December 3,8:15 PM,Kansas City Chiefs,Los Angeles Rams
13,Sun,December 6,1:00 PM,Detroit Lions,Atlanta Falcons
13,Sun,December 6,1:00 PM,Jacksonville Jaguars,Chicago Bears
13,Sun,December 6,1:00 PM,Cincinnati Bengals,Cleveland Browns
13,Sun,December 6,1:00 PM,Green Bay Packers,New Orleans Saints
13,Sun,December 6,1:00 PM,San Francisco 49ers,New York Giants
13,Sun,December 6,1:00 PM,Washington Commanders,Tennessee Titans
13,Sun,December 6,1:00 PM,Los Angeles Chargers,Tampa Bay Buccaneers
13,Sun,December 6,4:05 PM,Philadelphia Eagles,Arizona Cardinals
13,Sun,December 6,4:05 PM,Miami Dolphins,Denver Broncos
13,Sun,December 6,4:25 PM,Carolina Panthers,Minnesota Vikings
13,Sun,December 6,4:25 PM,Buffalo Bills,New England Patriots
13,Sun,December 6,8:20 PM,Houston Texans,Pittsburgh Steelers
13,Mon,December 7,8:15 PM,Dallas Cowboys,Seattle Seahawks
14,Thu,December 10,8:15 PM,Minnesota Vikings,New England Patriots
14,Sun,December 13,1:00 PM,New Orleans Saints,Carolina Panthers
14,Sun,December 13,1:00 PM,Atlanta Falcons,Cleveland Browns
14,Sun,December 13,1:00 PM,Tennessee Titans,Detroit Lions
14,Sun,December 13,1:00 PM,Chicago Bears,Miami Dolphins
14,Sun,December 13,1:00 PM,Denver Broncos,New York Jets
14,Sun,December 13,1:00 PM,Indianapolis Colts,Philadelphia Eagles
14,Sun,December 13,1:00 PM,Tampa Bay Buccaneers,Baltimore Ravens
14,Sun,December 13,1:00 PM,Houston Texans,Washington Commanders
14,Sun,December 13,4:05 PM,Los Angeles Chargers,Las Vegas Raiders
14,Sun,December 13,4:25 PM,Kansas City Chiefs,Cincinnati Bengals
14,Sun,December 13,4:25 PM,New York Giants,Seattle Seahawks
14,Sun,December 13,4:25 PM,Los Angeles Rams,San Francisco 49ers
14,Sun,December 13,8:20 PM,Buffalo Bills,Green Bay Packers
14,Mon,December 14,8:15 PM,Pittsburgh Steelers,Jacksonville Jaguars
15,Thu,December 17,8:15 PM,San Francisco 49ers,Los Angeles Chargers
15,Sat,December 19,5:00 PM,Seattle Seahawks,Philadelphia Eagles
15,Sat,December 19,8:20 PM,Chicago Bears,Buffalo Bills
15,Sun,December 20,1:00 PM,Cincinnati Bengals,Carolina Panthers
15,Sun,December 20,1:00 PM,Miami Dolphins,Green Bay Packers
15,Sun,December 20,1:00 PM,Jacksonville Jaguars,Houston Texans
15,Sun,December 20,1:00 PM,Cleveland Browns,New York Giants
15,Sun,December 20,1:00 PM,Indianapolis Colts,Tennessee Titans
15,Sun,December 20,1:00 PM,Baltimore Ravens,Pittsburgh Steelers
15,Sun,December 20,1:00 PM,New Orleans Saints,Tampa Bay Buccaneers
15,Sun,December 20,1:00 PM,Atlanta Falcons,Washington Commanders
15,Sun,December 20,4:05 PM,New York Jets,Arizona Cardinals
15,Sun,December 20,4:25 PM,Denver Broncos,Las Vegas Raiders
15,Sun,December 20,4:25 PM,Dallas Cowboys,Los Angeles Rams
15,Sun,December 20,8:20 PM,Detroit Lions,Minnesota Vikings
15,Mon,December 21,8:15 PM,New England Patriots,Kansas City Chiefs
16,Thu,December 24,8:15 PM,Houston Texans,Philadelphia Eagles
16,Fri,December 25,1:00 PM,Green Bay Packers,Chicago Bears
16,Fri,December 25,4:30 PM,Buffalo Bills,Denver Broncos
16,Fri,December 25,8:15 PM,Los Angeles Rams,Seattle Seahawks
16,Sun,December 27,1:00 PM,Tampa Bay Buccaneers,Atlanta Falcons
16,Sun,December 27,1:00 PM,Cincinnati Bengals,Indianapolis Colts
16,Sun,December 27,1:00 PM,Los Angeles Chargers,Miami Dolphins
16,Sun,December 27,1:00 PM,Washington Commanders,Minnesota Vikings
16,Sun,December 27,1:00 PM,Arizona Cardinals,New Orleans Saints
16,Sun,December 27,1:00 PM,New England Patriots,New York Jets
16,Sun,December 27,1:00 PM,Carolina Panthers,Pittsburgh Steelers
16,Sun,December 27,1:00 PM,Cleveland Browns,Baltimore Ravens
16,Sun,December 27,4:05 PM,Tennessee Titans,Las Vegas Raiders
16,Sun,December 27,4:25 PM,San Francisco 49ers,Kansas City Chiefs
16,Sun,December 27,8:20 PM,Jacksonville Jaguars,Dallas Cowboys
16,Mon,December 28,8:15 PM,New York Giants,Detroit Lions
17,Thu,December 31,8:15 PM,Baltimore Ravens,Cincinnati Bengals
17,Sun,January 3,1:00 PM,New Orleans Saints,Atlanta Falcons
17,Sun,January 3,1:00 PM,Seattle Seahawks,Carolina Panthers
17,Sun,January 3,1:00 PM,Indianapolis Colts,Cleveland Browns
17,Sun,January 3,1:00 PM,New York Giants,Dallas Cowboys
17,Sun,January 3,1:00 PM,Washington Commanders,Jacksonville Jaguars
17,Sun,January 3,1:00 PM,Buffalo Bills,Miami Dolphins
17,Sun,January 3,1:00 PM,Denver Broncos,New England Patriots
17,Sun,January 3,1:00 PM,Minnesota Vikings,New York Jets
17,Sun,January 3,1:00 PM,Pittsburgh Steelers,Tennessee Titans
17,Sun,January 3,1:00 PM,Kansas City Chiefs,Los Angeles Chargers
17,Sun,January 3,1:00 PM,Los Angeles Rams,Tampa Bay Buccaneers
17,Sun,January 3,4:05 PM,Las Vegas Raiders,Arizona Cardinals
17,Sun,January 3,4:25 PM,Detroit Lions,Chicago Bears
17,Sun,January 3,8:20 PM,Philadelphia Eagles,San Francisco 49ers
17,Mon,January 4,8:15 PM,Houston Texans,Green Bay Packers
18,Sun,January 10,1:00 PM,New York Jets,Buffalo Bills
18,Sun,January 10,1:00 PM,Atlanta Falcons,Carolina Panthers
18,Sun,January 10,1:00 PM,Cleveland Browns,Cincinnati Bengals
18,Sun,January 10,1:00 PM,Jacksonville Jaguars,Indianapolis Colts
18,Sun,January 10,1:00 PM,San Francisco 49ers,Arizona Cardinals
18,Sun,January 10,1:00 PM,Los Angeles Chargers,Denver Broncos
18,Sun,January 10,1:00 PM,Detroit Lions,Green Bay Packers
18,Sun,January 10,1:00 PM,Tennessee Titans,Houston Texans
18,Sun,January 10,1:00 PM,Las Vegas Raiders,Kansas City Chiefs
18,Sun,January 10,1:00 PM,Chicago Bears,Minnesota Vikings
18,Sun,January 10,1:00 PM,Tampa Bay Buccaneers,New Orleans Saints
18,Sun,January 10,1:00 PM,Miami Dolphins,New England Patriots
18,Sun,January 10,1:00 PM,Philadelphia Eagles,New York Giants
18,Sun,January 10,1:00 PM,Seattle Seahawks,Los Angeles Rams
18,Sun,January 10,1:00 PM,Pittsburgh Steelers,Baltimore Ravens
18,Sun,January 10,1:00 PM,Dallas Cowboys,Washington Commanders
